#,Average,std
1,1.0,0.0
2,1.15,0.35887028128263676
3,1.01,0.10000000000000003
4,1.0,0.0
5,2.12,0.3265986323710903
6,3.01,0.17378728435078386
7,2.0,0.24618298195866548
8,1.13,0.3379976689896312
9,1.26,0.440844002276808
10,1.0,0.0
11,2.28,0.451260859854213
12,1.0,0.0
13,1.0,0.0
14,1.02,0.14070529413628968
15,4.99,0.09999999999999996
16,5.0,0.0
17,1.0,0.0
